{ "_id" : { "$oid" : "53dea6093fd7f195a3e7a1e4" }, "value" : { "code" : -0.005037514902754364, "show" : -0.08535924072265176, "skip" : 0.4331606847199311, "consum" : 0.130024236536053, "di" : -0.03729140183115313, "paper" : -0.01435142655748685, "go" : -0.0215695600558751, "follow" : -0.06267966192930824, "group" : -0.1923829261656919, "field" : -0.04374272825248984, "graph" : 0.1528968077129598, "environment" : 0.03923134264535321, "econometr" : 0.1678457849938732, "enact" : 0.6265439814660615, "bio" : 0.1031242526476947, "global" : -0.07517426762987742, "get" : -0.1815585162012864, "financi" : -0.001803033054160142, "pollut" : 0.060704223824964, "de" : -0.09423985084582098, "electron" : 0.1673376318161146, "press" : 0.001413030760846532, "world" : -0.04955505998535145, "%BETA0%" : -3.524403001409254, "school" : 0.07510004155691288, "experi" : -0.05170683035358675, "resid" : 0.0702364964799706, "d" : -0.05256641798703152, "administr" : 0.06851706502019198, "h" : 0.08144342268353762, "earthquak" : 0.1991132269307162, "team" : -0.1046389004563509, "reintroduc" : 0.3296794258995152, "barbara" : 0.1452580799571187, "view" : -0.00835347129640104, "back" : -0.2024612554496696, "sign" : -0.5659453638861631, "rate" : -0.05684464629217705, "video" : -0.05052586289138282, "download" : -0.1979467432714509, "commiss" : 0.005910964863437074, "apod" : 0.3707135963571542, "establish" : 0.002632540148398462, "research" : 0.06773977757445956, "content" : 0.003348290139101255, "estim" : 0.0899472337139557, "health" : 0.02637405121762791, "gov" : 0.8709951391589413, "email" : -0.1721797783854689, "refer" : 0.02186952471483991, "process" : -0.02316695933302503, "eucharist" : 0.3550534799441796, "hardship" : 0.2500462682612116, "free" : -0.04421372845292464, "anion" : 0.02727068584781151, "california" : 0.04201413138083204, "propuls" : 0.09370071571692369, "post" : -0.2393391818060495, "organ" : -0.3314456414115905, "c" : 0.008168524293226648, "alexandria" : 0.1848203923198764, "annual" : -0.03191357909974864, "alaska" : 0.05200215126752995, "o" : -0.03263688876844184, "hasan" : 0.4917370873013207, "american" : -0.01105368786903597, "perman" : 0.0635701227376181, "committe" : 0.2732788858690975, "cherish" : 0.2023993796771316, "opinion" : 0.0787477489377003, "com" : -0.7069985811957767, "boe" : 0.03537152415200292, "south" : -0.1071562351844635, "user" : -0.06480625329583338, "comment" : -0.09443599154527643, "ch" : 0.02814096948671154, "depart" : 0.3520112242581394, "campaign" : -0.03056196433096951, "untitl" : 0.4545892090415519, "presidenti" : 0.06015932252835808, "vote" : -0.1793295262187697, "open" : -0.02230859272671108, "charli" : 0.06401370743477597, "area" : -0.1936104075062907, "support" : -0.01430983207849841, "univers" : -0.3592033015846628, "system" : -0.02795557364316344, "submit" : -0.01475909747416291, "citi" : 0.03363931232099229, "editor" : -1.239037833311043e-05, "store" : -0.1356007606033987, "function" : 0.1231645072236154, "scotia" : 0.01602837059533307, "relationship" : 0.9050771667742301, "connecticut" : -0.09098750670050053, "train" : -0.05318793912516488, "present" : -0.04687225228064493, "pilot" : 0.04402016483512574, "case" : 0.3267682286401788, "unpopular" : 0.1561905831317759, "account" : -0.2444878003653874, "room" : 0.05717511493384475, "servic" : 0.1104608327173591, "budget" : -0.003251451901631512, "cacciator" : 0.3111086536078105, "v" : -0.06643829693273619, "aid" : 0.1036548069285533, "nuisanc" : 0.4487584783687223, "browser" : 0.03251646931836784, "orlean" : 0.3017612574020114, "ad" : -0.09634032055342848, "viru" : 0.01805158687095073, "repres" : 0.3247459675678515, "packag" : -0.1802144992535168, "say" : -0.09666808281613649, "good" : -0.08045643860720345, "file" : 0.3028459781493819, "recycl" : 0.1870777175631076, "onlin" : -0.08290372656270442, "film" : -0.0635140258151406, "disabl" : 0.2585062682709259, "recreat" : 0.01358622406963091, "want" : -0.07831743908957803, "floor" : 0.5986872117940991, "alphabet" : 0.06683474168331641, "travel" : -0.1986926940686823, "government" : 0.5573028845039496, "also" : -0.04205680837026938, "branch" : 0.02275947887734302, "big" : -0.1541488990805772, "donor" : -0.0546905382016089, "document" : -0.05479323130420453, "telemetri" : 0.06422029468113641, "resourc" : -0.1627880934815406, "w" : -0.0998492815589235, "shall" : 0.007504297526433884, "drink" : 0.2944786587267577, "galleri" : 0.007948113656288072, "cours" : -0.01561028990314112, "geolog" : 0.1117693869941505, "student" : -0.07851491507348156, "date" : -0.1231739211218155, "payment" : 0.1451809405025515, "ago" : -0.03347955758121474, "request" : 0.02506994402342311, "visual" : 0.7113166123576931, "dent" : 0.7565877703007485, "sewer" : 0.06218799849362264, "academ" : -0.06657026897134256, "sibl" : 0.2402952130311805, "subgroup" : 0.06585120844003091 } }
